symbol,ann_returns,ann_vol,ann_daily_variation,ann_max_drawdown,sharpe_ratio,beta,clusters
A,0.0840026846852936,0.12161458241526812,0.18563197754793406,0.12821483104089684,0.6881862048135177,0.5111938960896031,0
AAL,0.02817034606492444,0.2748437083932843,0.3559514630299109,0.5662047070011481,0.22005141410547308,0.6163872634427153,1
AAP,0.009471376619566707,0.24938087884580767,0.30848660353115887,0.5327139051855211,0.3596840779504892,0.32130354763112623,2
AAPL,0.14533319782178486,0.1415923944608291,0.18004694586803838,0.3464038135840789,0.8456953965375916,0.5828593060715547,0
ABBV,0.09714357048446084,0.17872433688347833,0.24519306297304824,0.4229489549213571,0.5811404854319335,0.4040755758979422,2
ABC,0.03065824157905636,0.17878402776434116,0.29261041806471133,0.2676827899184636,0.40264161944424814,0.3671725609449365,2
ABT,0.1230114749615692,0.07020697701233822,0.16305900718534624,0.034482222244112015,0.8879661790543861,0.4241088512620903,0
ACGL,0.05088663139446231,0.047513798034062416,0.17113154643653705,0.21615101929885855,0.6407007029502139,0.33920168456069405,0
ACN,0.085452970301161,0.059173753255485795,0.1392418291791898,0.1606217287552535,0.7755834900617669,0.40557052049958753,0
ADBE,0.1804998059836241,0.17936569883080555,0.2360174799993409,0.19518612274605235,0.8770865797669879,0.5370419641032474,0
ADI,0.076732605489854,0.15573889166039567,0.23475124901248953,0.16985467778777047,0.6249811071139793,0.6249395554618071,0
ADM,0.019129970813189734,0.07144197145826323,0.1734072014396893,0.21549753508238184,0.41350040598415394,0.37982380630111157,2
ADP,0.07277055738227883,0.08419411398227888,0.16809592864514156,0.12138383764604566,0.6906265324065384,0.4323660441592646,0
ADSK,0.12803866222956475,0.2605287236234286,0.30325243055111073,0.18591490586113346,0.6954361483037641,0.6093464481437615,0
AEE,0.06393797215217825,0.0188510002052949,0.14349467357557152,0.10664708041152182,0.7155354470808626,0.1376773153484111,0
AEP,0.06524202866375142,0.007826387944036367,0.1311560028394399,0.10243335071019577,0.7701174179469621,0.1083825921050286,0
AES,0.08657204637592028,0.1154389420720709,0.2209273183972504,0.12335838929942239,0.7047096650431418,0.29467537621883666,0
AFL,0.06937236278406789,0.029297130851862724,0.12747420751281824,0.06741614217218539,0.7165289432545345,0.30901053299492875,0
AIG,0.0038149456502174217,0.1000233719911004,0.18945291209819984,0.3978102341030348,0.26848824478323546,0.43886000934770664,2
AIZ,0.05104050556054704,0.08569297823020527,0.18928017888008544,0.17972117431222856,0.602355406713406,0.32792969321670873,0
AJG,0.08922292949193619,0.026573692260168175,0.13572019170448105,0.03187281764528063,0.8635946516146669,0.35227132220847207,0
AKAM,0.03734176201960909,0.2045482520686998,0.22504093620067947,0.32704334226937715,0.479088163577309,0.45790826527643363,2
ALB,0.06337966024104058,0.23458518097782344,0.293690243403099,0.5722461330185006,0.3190155576183189,0.6293899651080468,1
ALGN,0.2300979570134881,0.3736265044856657,0.38881521008474507,0.5492492965067859,0.6988605188286179,0.6212201205285626,1
ALK,0.015190863152661244,0.19021537316888482,0.27656141296678516,0.41610946960884265,0.2822903775695393,0.3858714354116451,2
ALL,0.059248487690600565,0.045033075412264895,0.13742460125739456,0.18767676718826176,0.6863780066177119,0.3147328801553142,0
ALLE,0.09179322253572089,0.08259551515419689,0.18740983740011538,0.11690428277735895,0.7632637622616595,0.3628220860698042,0
AMAT,0.09495251802142288,0.26793531908332996,0.31397335065559506,0.5066034192470388,0.6246764823035915,0.6740747760555924,1
AMCR,0.025600285211820145,0.08244377824965077,0.0,0.23048210412894965,0.43014634349445124,0.25802780034976924,2
AMD,0.24371566663990277,0.5735872158143038,0.5740011949557231,0.4698031011039129,0.7237615164816057,1.0,1
AME,0.09954483841986259,0.0662789727851629,0.15657524427528577,0.15580968919986182,0.8270398909066583,0.4607855647821041,0
AMGN,0.0722964940046241,0.09263661530224182,0.19959646628747216,0.11796947729667298,0.6732565059644355,0.3164658473116495,0
AMP,0.0642712387847992,0.15094330046079085,0.23370277263825937,0.42207661244302896,0.5931844880743518,0.6228854463215159,1
AMT,0.12237510802682047,0.05912126751911559,0.17991467675544176,0.0645480445882034,0.8990498075589928,0.11522774972307404,0
AMZN,0.1452718068693802,0.17740545226579973,0.21494875538563116,0.2950293340755974,0.7688040738324606,0.5451004820024353,0
ANET,0.19020432666972933,0.3901080707418946,0.3556039486499023,0.4055900562896936,0.6004464023468936,0.5621916749742397,1
ANSS,0.15047361603643508,0.12855006605562713,0.23120037163164633,0.22172842598477926,0.8777904029556587,0.5580841949376755,0
AON,0.08722680473581787,0.04288833069088649,0.14363043819486618,0.0958143100179733,0.8143799212879241,0.38134857511227493,0
AOS,0.04423011518313777,0.11811520829361266,0.21574908844870147,0.3514455743682469,0.3839836026965696,0.4464739418329789,2
APA,0.00043901570843998816,0.34401687123765556,0.4104551766197292,0.6988974741777682,0.14938242272702934,0.6880608242272845,1
APD,0.07609556067001871,0.05470476281585329,0.1486062857174557,0.045085534352258566,0.709490222658485,0.3609748921258307,0
APH,0.0642824309080236,0.06333140225347136,0.1462392053267038,0.15713871948551283,0.6789498271591554,0.5000072834493703,0
APTV,0.08007038080771525,0.18816339820815714,0.25386911379626476,0.38266648222582056,0.5999260880929875,0.6363506779324904,1
ARE,0.05787637202338741,0.043289354262785046,0.15981845742411532,0.07568101423669082,0.6778091080741381,0.23308863250109058,0
ATO,0.06128157978218762,0.014393305815795898,0.14104702776939923,0.07784188665105085,0.7268872617234499,0.14324874072392768,0
ATVI,0.11582901604356766,0.2687889571426719,0.3206387566813764,0.5022546742995615,0.5538324750355869,0.5646233373689861,1
AVB,0.037653368783704955,0.023154076796647827,0.1545425825992525,0.14098100490509585,0.5560432320951865,0.17750510923056564,0
AVGO,0.09362795059015191,0.21020317746082395,0.2697502606965131,0.2049951842955176,0.6433646362052416,0.5529175185494549,0
AVY,0.093414619088166,0.0937945184558448,0.17132700414691238,0.2516235085947557,0.739545898426602,0.4356848989436073,0
AWK,0.08356051401518516,0.027195216233828534,0.14864096846911054,0.09719876607557645,0.7890385822318031,0.08673352306185406,0
AXP,0.07388878435480178,0.06520385910601328,0.148906782314106,0.13918179720811052,0.709408508841132,0.446572709842134,0
AZO,0.05659742792543124,0.14643043449251997,0.24016402835206782,0.33882903466467085,0.5621050031540172,0.29196208727862677,2
BA,0.16245295085816672,0.1671384738634849,0.226284672501587,0.20539228108079094,0.7389163826029579,0.40403625985848507,0
BAC,0.06491188425716604,0.1222544133515529,0.20626651796535203,0.24464414279111352,0.6194297803107951,0.5157541163092667,0
BALL,0.10703769916055228,0.08654303315089018,0.188412562647594,0.14725189167394162,0.6905996787993208,0.26459060229017206,0
BAX,0.09857489162992097,0.07490962146103436,0.15869849002436068,0.14098381158239,0.7801417785506621,0.38595238810745347,0
BBWI,0.0016602051892390113,0.40128130542319607,0.43208296159739357,0.7411186340230554,0.11639783135317472,0.6037963525938708,1
BBY,0.11131402282638078,0.2657023364703266,0.29785359422733393,0.3732470289292169,0.6587886653323269,0.5067206017334975,1
BDX,0.06923864071037697,0.07669876585570223,0.17406190891657852,0.135131624119003,0.6817780282167745,0.43941301624552453,0
BEN,0.01894856345975285,0.12058933829747948,0.21820935264879562,0.3386061646139625,0.20235435104670219,0.5339304967043037,2
BF-B,0.0934145205722304,0.1037171531024107,0.19340816454799117,0.16223087578541345,0.7375202446499787,0.3319233580014078,0
BG,0.016539620587570303,0.17327104835850377,0.24136667456684271,0.34986281278390763,0.30726267407804103,0.32087634555145683,2
BIIB,0.03222724061987814,0.2904547917665898,0.27385595941573504,0.4049048331058075,0.38777241266152496,0.32081742518281775,2
BIO,0.09593913554605099,0.1856761506527373,0.23968886868674125,0.2765379916121367,0.667273605199971,0.5013247371363296,0
BK,0.024837009739996557,0.08907395431328619,0.18219156074086326,0.21495334621762152,0.42266062720680747,0.4032227942208417,2
BKNG,0.04880802444980967,0.13185278986837867,0.18868482713099585,0.2089440451545464,0.533705818968548,0.4564531171618313,2
BKR,0.0,0.22342618849589824,0.35675909114254056,0.5121340369140436,0.1863869970749268,0.48761627791759865,1
BLK,0.055910680789839406,0.09494577748481836,0.18520141539172894,0.3343326157953816,0.5556801256115983,0.5431176712901172,2
BMY,0.020899106963882974,0.14304992119266235,0.22007866855879252,0.3067876310304491,0.4393914767780134,0.328727556834198,2
BR,0.10343670890145631,0.08794811703392819,0.17071565690739662,0.27971674527852747,0.7576846957087391,0.4050525660884525,0
BRK-B,0.03964967997193694,0.04217037801403323,0.1189687010241069,0.08526329838306945,0.5815068643323624,0.3650756615302736,0
BRO,0.08054006142095776,0.023941513978900236,0.1392151937561977,0.09091263629386212,0.8185647875157855,0.3496774442875955,0
BSX,0.09815048749089056,0.1317395374800543,0.2170519666013306,0.11595335020645992,0.7264932059811444,0.45470319123188097,0
BWA,0.0461659127737262,0.19250207470777275,0.27675744587196827,0.4264966482565403,0.4161580216854501,0.6229916303195001,1
BXP,0.01953160582883126,0.050215611758558015,0.16867349359238418,0.11233227273218302,0.45919677760541133,0.27959008368197147,2
C,0.04298466648959709,0.11113655766245406,0.2044815779421181,0.3301932454990444,0.544203465161107,0.6070904744565553,2
CAG,0.005606399857623012,0.19535859971349834,0.2257492581664783,0.45303561016066984,0.3336622556488361,0.35437565404162474,2
CAH,0.013419547785123831,0.202427421751594,0.267536643253356,0.43429725424192145,0.2512185335688984,0.3932444089776884,2
CAT,0.08258132757119496,0.17272558293873386,0.23334910302115683,0.2833656118610729,0.6082141163308898,0.5771595941174297,2
CB,0.030957619587518442,0.03427501517702533,0.14263635562088242,0.14615132933927913,0.5206612670186376,0.2948341503197185,2
CBOE,0.08405773421426624,0.08777044504068254,0.23230725378563968,0.27915957429062155,0.6697680817568645,0.13322887173565856,0
CBRE,0.08799329725526406,0.10882080867488614,0.2076608594514668,0.18541483944970522,0.7188311380790349,0.5187767966807072,0
CCI,0.08315665701929925,0.057695253015571796,0.1795206271704722,0.033381340862830955,0.7571559787675552,0.1492974402374358,0
CCL,0.041626614782902194,0.13047388266850185,0.1841956280542196,0.3727872247609245,0.3918390974747298,0.44284860282193184,2
CDAY,0.11140077630811407,0.3311900846493877,0.469238865823709,0.22182283272812925,0.8246018157327579,0.5376128098104402,0
CDNS,0.16621372890117095,0.16237984578715997,0.2200799576051458,0.1508908956079109,0.8346244848594447,0.618202080958435,0
CDW,0.1588272007316925,0.132608996771867,0.22445880557422918,0.14835041118895714,0.8893900480414649,0.47122232496064986,0
CE,0.06728498316392556,0.1213234676702103,0.21782051754991974,0.22547288995687015,0.6074739851902591,0.5376240126130577,2
CF,0.08120047363217434,0.2686616114698824,0.3697683399909176,0.24953739368006767,0.5432549204334919,0.5116807057366617,2
CFG,0.03630367804671153,0.15074376980483828,0.25854596547603526,0.3659548290113859,0.45586351989983787,0.5044404667958965,2
CHD,0.08305511978087618,0.08120132810579078,0.16880645658970597,0.12113961474869395,0.6618172598826114,0.14579265353607107,0
CHRW,0.04297282892760956,0.12062168860288491,0.2108612709074185,0.17442244559805686,0.43413988688381155,0.34024398449706617,2
CHTR,0.06981323281811161,0.16529264904389918,0.25975994810932446,0.3071571029918822,0.6172424718967633,0.32290726760912786,2
CI,0.06435347112764489,0.14661319916234422,0.2427149216917661,0.3131011387150925,0.5606955757390628,0.37878056874888794,2
CINF,0.06514541421056833,0.0637648686298263,0.16285291449150718,0.06916902703797981,0.6294307735758626,0.3073011773273838,0
CL,0.02394711920896661,0.050009634498853484,0.1386766468858372,0.1747443698778256,0.4279178329313192,0.2441114012769451,2
CLX,0.04650692531540507,0.07790728527600915,0.16920627339303623,0.16410428065624133,0.548395894838144,0.1871314172280615,0
CMA,0.04981406586812523,0.1382499651263865,0.2490490936708424,0.36581815759134645,0.4141838031262523,0.4928840797276788,2
CMCSA,0.04288527403586942,0.11463166366105432,0.2170982464192737,0.22906098706778188,0.5321177422989855,0.3716600306746497,2
CME,0.10086696921244051,0.05901107073178405,0.18264995704121542,0.07729220590358438,0.801705940357368,0.18096765199684425,0
CMG,0.11634050401899859,0.2693157114846904,0.2865016664702391,0.4724722711661583,0.6721970367227452,0.29460458878165857,2
CMI,0.04430962517477274,0.10883684432010887,0.20671297779513106,0.28039539141220937,0.5362798895123655,0.5426055201625748,2
CMS,0.06707815709819112,0.012056098525464076,0.1347215812809247,0.10017080182037483,0.755308875796439,0.09877945045234648,0
CNC,0.1319282136976235,0.21048158513681542,0.3051915481783938,0.3848347972543147,0.6713036674506307,0.45056379115001066,2
CNP,0.03974930752440828,0.041239174436606796,0.15990976675642007,0.12894496964697286,0.49905088025621813,0.19404193831400923,2
COF,0.02484139737391447,0.12013852895986221,0.20606941662786374,0.26907099578823607,0.4634107002558071,0.529563243967101,2
COO,0.08829582354926913,0.11395431469157735,0.21367531758905048,0.10356968679991355,0.6880818255922578,0.32191302361940277,0
COP,0.06163982053763195,0.1718891529989912,0.25675352178121513,0.3135297929060645,0.5136980903258743,0.4460418902234217,2
COST,0.09647823362494726,0.07230838199937126,0.1488557471896184,0.15429544081517937,0.7768145096506512,0.3052403319045746,0
CPB,0.006620549090042671,0.1627184958579081,0.2228982057887555,0.4413327022942275,0.31061238123252355,0.18652541796777009,2
CPRT,0.1883476917219051,0.13233282474751068,0.21156840444247652,0.2748437080849427,0.9669757815023018,0.3541137722996246,0
CPT,0.04936827219361456,0.030160657661425366,0.15803101008063022,0.09087224980731498,0.5992547635205694,0.16730054537198635,0
CRL,0.09313510875947306,0.14869501631370424,0.2328164959796941,0.17292567513495144,0.6958990469906228,0.5469617820653336,0
CRM,0.12076524736636887,0.16141279772787953,0.24411896417616455,0.18650372777117513,0.7608831413346246,0.51541414107466,0
CSCO,0.09788255143394559,0.11599031310294872,0.178381496917291,0.18276504675565575,0.6510876289225187,0.5242580965261073,0
CSGP,0.19160126600311164,0.13803337702532986,0.2696856813137163,0.22721152457668037,0.9618580782544219,0.4276221066349324,0
CSX,0.11696401054909025,0.18254924176351384,0.22819830864255272,0.15066988441231383,0.6935659284425442,0.4482382388631549,0
CTAS,0.12530501975775368,0.09404356601907754,0.1674505529861768,0.21322129578480642,0.8588958116093522,0.4167223916635009,0
CTLT,0.10416803791281448,0.20912851182910736,0.2866601582230277,0.32913830770049063,0.6673424706767699,0.4656839265505938,0
CTRA,0.03327547280132376,0.20722509815096757,0.31158651649414404,0.42410421818904465,0.28603232544052604,0.3021792239758838,2
CTSH,0.05074357132436877,0.09634458601343537,0.1768419942510006,0.27302434894975436,0.423884605895253,0.39515928653151944,2
CVS,0.00821774057364763,0.15380126135482042,0.23542069658602235,0.3146513286768473,0.36791693568274814,0.37199086944610094,2
CVX,0.019207573883094103,0.07332744803531063,0.15880406741009204,0.14818274340052,0.4456122249221689,0.35544799916513264,2
CZR,0.19722566274858347,0.33797747013384705,0.4711155619681441,0.30634248392647695,0.7601130617091747,0.6212167940938711,1
D,0.02483723917384545,0.02111844131161944,0.13746028541009142,0.1946425783340917,0.5084807689786639,0.1632929068426867,2
DAL,0.03662919614055801,0.14434134613511285,0.2435714413269718,0.18753954509866033,0.47867105116901787,0.4337952586016334,2
DD,0.03770977766985645,0.17511742094090899,0.23702882882148432,0.37532641191728294,0.27940339856254126,0.47684041288634477,2
DE,0.07742331789843124,0.15258997605206093,0.22206122543662563,0.1638290785010128,0.6399926458591052,0.539061013350787,0
DFS,0.034945940540157844,0.10615014198046685,0.19521133942794225,0.25772692090750665,0.47341597364232685,0.5329146772134636,2
DG,0.11622054512834568,0.1280935587444808,0.20846406793820552,0.11115316269350653,0.7559117407347882,0.2866447366389103,0
DGX,0.029252429365734384,0.07739804359937213,0.16135749341638989,0.25095023695488883,0.4722124497647728,0.30870061768664875,2
DHI,0.10082239202834298,0.16249730571432852,0.27914467536252474,0.3271316803532232,0.684095060509472,0.2670398245330868,0
DHR,0.09256974731474418,0.06364155876678276,0.14874744707430537,0.05408032476661692,0.8001972883159663,0.4084293232709502,0
DIS,0.04796774070230053,0.08003473940524364,0.15265023187095614,0.08075825839016532,0.578536580205709,0.3405473177884143,0
DISH,0.011766511506306032,0.25644006264459795,0.3477439439282456,0.6404707371488502,0.20176231536767247,0.4997724604996283,1
DLR,0.04978968721731819,0.09981358695635972,0.2053986403478736,0.14303958736458575,0.5252839032420523,0.21661740490681497,0
DLTR,0.05209598211860933,0.19760781630404817,0.25517783151034723,0.26661008816757836,0.4517460295047179,0.29243012400084195,2
DOV,0.09366548769249125,0.09758361678180383,0.19069888085802442,0.1904523175622625,0.7512258952886115,0.4854236167425292,0
DPZ,0.08629143278523888,0.17276870004625033,0.27108742868888547,0.19297583029225085,0.6580201257112059,0.2700063633251627,0
DRI,0.08515500218909608,0.12561608400054486,0.20207620250068484,0.11246805301735949,0.6346603160509925,0.288230574540964,0
DTE,0.048141787312726975,0.007425148295001266,0.1304918969060734,0.09581675964322464,0.658889830252102,0.1446235816164324,0
DUK,0.040989361280760306,0.0,0.12662729812951806,0.10900245357460395,0.5946569000458207,0.13654988258942735,0
DVA,0.02385069604022491,0.21788473484070442,0.25219288066873413,0.4305824262864093,0.43293700395073187,0.39289245198110884,2
DVN,0.004760680437424558,0.3090276353450558,0.3896609114725804,0.5799331467417057,0.21233713417917754,0.6836306322603769,1
DXC,0.09007137540449295,0.3050402847087284,0.2758298750826472,0.7388281385297124,0.29612015142374787,0.7665146677145454,1
DXCM,0.22328492127810226,0.47940399047942084,0.44139079376065204,0.45676453124021343,0.7233837559988586,0.4594699078997706,1
EA,0.08254107531320251,0.22793866970530985,0.2995847908515695,0.47812939576790503,0.4938023792572341,0.49256957094028997,1
EBAY,0.053780542314299046,0.144630522298765,0.21522293434945208,0.4033628170399959,0.4638082310791408,0.42646384750270094,2
ECL,0.0771815802797384,0.02336890765946817,0.13622785247750388,0.058835815599146135,0.7429620971893842,0.34282270278185867,0
ED,0.04180469151077587,0.011093398075591593,0.12991231323630648,0.11773778882684521,0.5899984048118603,0.12823739260439176,0
EFX,0.02876697294494579,0.14430427572181082,0.19894579136876686,0.3315932055832416,0.4755491300227891,0.4349844732560249,2
EIX,0.018519348557896415,0.17319449370903672,0.2153502195948627,0.371843606889647,0.4360711852828264,0.19283688045265815,2
EL,0.15073277623862438,0.13292557179613995,0.19162129899951288,0.1547810516280605,0.8685530952147592,0.4369450245301899,0
ELV,0.11373573176376495,0.13218806883815287,0.23356485032067473,0.19340810949640597,0.748757881741464,0.3712848048665236,0
EMN,0.049146502511928175,0.12502189234371308,0.21847767927190656,0.38879388144665183,0.40653858010214916,0.624773454289811,2
EMR,0.04833095275924365,0.09787152192321846,0.18268438146082794,0.23341896776761134,0.5766389583971089,0.5420622704000129,2
ENPH,1.0,0.8650898192838063,1.0000000000000002,0.6333322231094264,0.9542815029536843,0.3813659368008449,1
EOG,0.03003929083573237,0.19794858318384434,0.2846438750709427,0.48765915117775804,0.30338581847657686,0.5370610751759621,1
EPAM,0.19208581110536446,0.1790893582877056,0.2681914253485318,0.20293387351339864,0.9050589338655026,0.5963980850254464,0
EQIX,0.07014142626740202,0.09545749085595423,0.21444781746545757,0.239686656161828,0.673403724832048,0.2282647073014684,0
EQR,0.05148884652438121,0.021587155547479864,0.15297631988855548,0.14071964872412554,0.610641433435361,0.15276545127034052,0
EQT,0.005396703774103451,0.36829905862332013,0.4702481624096545,0.7895022753858186,0.05943668322277751,0.5727029703905693,1
ES,0.06757567273133988,0.012431392499259147,0.13699698913803343,0.10317743104388225,0.760384542190149,0.10627952276875435,0
ESS,0.055788996989348055,0.040184685505647605,0.1697521001915468,0.1073471258055127,0.6093549726391854,0.1856593913814249,0
ETN,0.05127163256160319,0.08643921439599456,0.17947576939012935,0.20895870204930633,0.6009794685448002,0.5324325101652084,0
ETR,0.08209826060724437,0.02171013145183215,0.14691932331975233,0.09133233007927438,0.8310514898640862,0.10840974313462398,0
ETSY,0.33497569056376175,0.4776627972150531,0.5043596752738676,0.4141192236617791,0.7233387929922932,0.772632350375529,1
EVRG,0.03112367218403686,0.020270939755957618,0.1395342781427893,0.06488262621837756,0.5199070707772245,0.09313504372254378,0
EW,0.1361954147192225,0.17229854204872203,0.24072729457251382,0.13120772454827478,0.7627858523393578,0.4615229672225221,0
EXC,0.05577233548571814,0.022895523747768876,0.15660411988826353,0.07400157712089397,0.6295540076135661,0.16493481917427882,0
EXPD,0.054562982107746544,0.09564489819606964,0.19918212546135775,0.11495071478956329,0.600492506491634,0.44880539981194545,0
EXPE,0.042502098517823494,0.2159793414578815,0.23771436519213576,0.3554332163590469,0.3815360622983706,0.37695537319206207,2
EXR,0.07231658955121509,0.06381327504455864,0.190643901992167,0.08953821067647949,0.6352802236714501,0.09141934058432932,0
F,0.011845236108909779,0.13988208309297662,0.21611829409264047,0.3425179321503241,0.3053706375854475,0.4627847097943115,2
FANG,0.03623203368519523,0.2850458439105116,0.369884553507732,0.43964246071702806,0.36084552637245026,0.5775400519511331,1
FAST,0.07078112002359374,0.17075835069197776,0.25104228510044535,0.15797358668542194,0.6036049804112387,0.5814927545944514,0
FCX,0.044915366475419355,0.36241770135963225,0.4276009194916559,0.5555874259006596,0.38461889706068164,0.7370577183014755,1
FDS,0.08274906741150825,0.09032529909698289,0.19049744450526132,0.15681608545895925,0.6621655507331582,0.43025315296153177,0
FDX,0.047112166211122436,0.16730404065648485,0.21551796488852928,0.4618452242259188,0.2954742825806135,0.5957836812561085,1
FE,0.0745726128583298,0.050834912545018734,0.17264338561709955,0.08562621238929444,0.7301478547514755,0.16492375408755866,0
FFIV,0.038065005483151254,0.14295709077644408,0.22417784235312802,0.34956582560366345,0.35072755431516023,0.4914257235177789,2
FICO,0.17761199522247337,0.1482803557326544,0.23765433726760757,0.23036865092556874,0.9176285288103408,0.49501373632126533,0
FIS,0.08287913011000994,0.047425772104380315,0.14850004350486717,0.05020941449170788,0.7883818206992383,0.35868855641498065,0
FISV,0.1066186411198019,0.07160664848785678,0.16973813684276706,0.08704640469997704,0.8401764131143822,0.43438384587089307,0
FITB,0.03119292124307213,0.13207796675731692,0.2385780508409728,0.2947614692023804,0.46627145205533316,0.46496322747795915,2
FLT,0.10277365702864258,0.15064112408509533,0.2343285576909717,0.1654151016620069,0.6970200349719482,0.4190681261251033,0
FMC,0.10214584522652648,0.1593274097739581,0.23349865900339264,0.2260526510082544,0.7066204105663412,0.48432014282009683,0
FRC,0.030970305454393277,0.1073626705035503,0.19718642527294808,0.1808671394288046,0.5040162299640756,0.4464390530187475,2
FRT,0.00823307807859558,0.050403619476624,0.1728994315790785,0.1684864844070867,0.33141714584962556,0.20717393521691982,2
FSLR,0.11752251095132701,0.34396985099165434,0.4257495471284407,0.5108199948301424,0.5509190593458136,0.5888889099104125,1
FTNT,0.2090244061063428,0.22854240738486725,0.29258712309094925,0.23580204228951618,0.875805269461423,0.4905094830472395,0
FTV,0.06478864391872344,0.08354987713343581,0.17711979411436635,0.22081650251832075,0.581376798018252,0.4978119400358611,2
GD,0.03439838407904949,0.07531425253880825,0.16709729293097833,0.301438858118756,0.40919456467552673,0.39436148673054977,2
GE,0.0004889850453689282,0.27450137822971493,0.3156469828004348,0.8006785487238487,0.08832500226223605,0.6016721189380885,1
GEN,0.04335897519223317,0.29038947074647725,0.2672701871086446,0.4519113098074595,0.42943870121405003,0.5264798537540518,1
GILD,0.024123758888910135,0.12515997592813166,0.22533929879817996,0.24331584096859904,0.34729435336205905,0.3935662141729863,2
GIS,0.0031534508048200738,0.09603605119523584,0.18808609482129582,0.33864039203801133,0.32445132720727476,0.19936094722219821,2
GL,0.04725166065490183,0.0368753784046138,0.13847768826924756,0.17625887588898903,0.6203760004133498,0.4038318897917857,0
GLW,0.0536524048480809,0.15047953405688547,0.19585729851407632,0.1737688198037281,0.49463688068538353,0.5508272371110904,2
GM,0.0368685761642471,0.16196703345959723,0.23118097028397258,0.2665462378093477,0.4393479849560804,0.4838182047579198,2
GNRC,0.12558854563742175,0.17601200032916653,0.273123686662763,0.17041603548804862,0.759074696859198,0.4622017825484058,0
GOOG,0.07058899578739644,0.12236211848636286,0.1811196127680009,0.16609989245694734,0.6475576745252525,0.5270005443388678,0
GOOGL,0.06667026413126023,0.12018539353072688,0.1855998563395543,0.1704164875793645,0.6354190368733154,0.5231342242777373,0
GPC,0.029446285895118135,0.0713096610646397,0.16556018012802823,0.16838212111814893,0.46729720393148355,0.37926910664506336,2
GPN,0.14055636071534625,0.11674384327138154,0.20806706000180222,0.19865481074800334,0.871214239972045,0.4612258170958346,0
GRMN,0.10880598592830498,0.10325603431023017,0.17411253850601002,0.07059521337195943,0.7932436596179724,0.35922475554287775,0
GS,0.01584926137346132,0.12267491225929511,0.2059719452020625,0.38910338201877087,0.3660449839684479,0.5176904309820451,2
GWW,0.061693986344636464,0.21396494166965063,0.26722171317029075,0.3473380858090193,0.54832010573824,0.4802331057812008,2
HAL,0.005223957843080523,0.2190745843495534,0.31545832496669346,0.6989359182153517,0.08758908977417121,0.6106169884756092,1
HAS,0.06574586001059404,0.20351690872375255,0.22410184868574565,0.24981137656209856,0.5173054535035755,0.5211154067343245,2
HBAN,0.02902961196330686,0.11777843010496303,0.23638989714911327,0.24414354039554637,0.4718240645343147,0.465239750266309,2
HCA,0.09656820324052809,0.13869024013138748,0.22848125894791174,0.1682023507795104,0.7146216180203306,0.3910775413470775,0
HD,0.08401518831742522,0.06154329136737466,0.1576223367365239,0.19611285496101832,0.7204894252517178,0.369411931557334,0
HES,0.02393051047665981,0.2837832077224676,0.36829974466431414,0.49089010739164307,0.44090164505657936,0.5979970346583781,1
HIG,0.03906187205642464,0.045232925275097924,0.15492195149172108,0.24129846177934194,0.5635486500083,0.3198460830500184,2
HII,0.04505028816818557,0.14133614638234338,0.2283020089594929,0.2915037013702834,0.5480618854528443,0.407631520456289,2
HLT,0.09608699755363681,0.09740999373696735,0.1918801573590946,0.21010705535194496,0.7529768038959608,0.4243317861747298,0
HOLX,0.03396825262238426,0.10217962832453198,0.20946294170080207,0.16316587218133172,0.5035508752167744,0.3876263591355297,2
HON,0.07018279253105125,0.032719357885846095,0.12769643511539652,0.1560434060984328,0.7483983374892296,0.4529099048981938,0
HPE,0.046131095610437545,0.18875562376101357,0.255909159639806,0.3070776228289436,0.47031738842223325,0.5738640332470719,2
HPQ,0.0810177251714608,0.16956665027203804,0.22635676410375347,0.33279891500340947,0.5544914428207995,0.5269734431254769,2
HRL,0.038178082844069344,0.07175906188748943,0.18003434296058698,0.1205621595411312,0.5360886914157851,0.2011333587565877,0
HSIC,0.02058619465722028,0.12824622044285655,0.23459759885384948,0.27045570091747306,0.40790415829731974,0.3031044600688405,2
HST,0.02391275164189613,0.09525424037633068,0.21633844826090212,0.21205261040256634,0.40466068122932475,0.38442187767690295,2
HSY,0.0639320470264784,0.04385577132972082,0.15062154422268886,0.15315514236825906,0.6402488983757437,0.10728133166426507,0
HUM,0.08559259642263464,0.12846727002720876,0.23803874613745793,0.293286711226085,0.6870688938393298,0.3387978759370459,0
HWM,0.06734583549537076,0.26591454439689577,0.3010633549962317,0.44606305037099947,0.567164393429979,0.5081253909198697,1
IBM,0.01053860729333933,0.08980641461841832,0.1361028209559669,0.3207413704214242,0.30708114255705365,0.4533399538631067,2
ICE,0.0714034593054568,0.05109575958444487,0.1564614212535891,0.052124048817901586,0.7348872423384107,0.24775382730757128,0
IDXX,0.12802278313926965,0.16682608740855637,0.2564951453639406,0.25613182940316304,0.7348667604126611,0.47773551456972807,0
IEX,0.09019190799095886,0.07636610542404468,0.17462829968629096,0.17834949167570124,0.7719157748484899,0.4732107934805284,0
IFF,0.03683132587075766,0.13375179099509882,0.18911088651243876,0.2459085315725203,0.43551666956954027,0.319449975837973,2
ILMN,0.15757139870629575,0.25567605100932683,0.2835794536741527,0.2408451246173079,0.7032404902817702,0.5179044012822455,0
INCY,0.04871061463118753,0.3112342499975939,0.3968831468622308,0.616118540203885,0.3056867339864214,0.4397802275980172,1
INTC,0.07541945578990292,0.17020971793375694,0.220565486092457,0.19672326075180324,0.6257010986338125,0.5229841637667574,0
INTU,0.13875328166396553,0.12882366052112987,0.2062970118367902,0.1404203988588869,0.8012564786264085,0.5033284081374774,0
INVH,0.06080182726661787,0.04025068725969688,0.18034789561163958,0.11295013916375798,0.6892773998987116,0.1758436565720824,0
IP,0.027116835723066224,0.137953735038717,0.22326007344036455,0.36502768457233886,0.33697683795820854,0.5103011152647338,2
IPG,0.01220572686572935,0.14849032977409643,0.22938596711719086,0.21452023886262805,0.4048608350177907,0.36161913769676485,2
IQV,0.10014644121897387,0.11353981330592972,0.22378803328133365,0.12115444716370469,0.7332291769424395,0.4665015296099511,0
IR,0.07160241256708869,0.2658290490579836,0.3678611295216462,0.4618749802159151,0.6025647011788337,0.4932387267504943,1
IRM,0.031796120264923206,0.10427937453497782,0.20017894079547796,0.17628005894137339,0.43173773357031425,0.2051962397426907,2
ISRG,0.15173497001382716,0.17614393947940166,0.24182713092639194,0.18125641162816541,0.8179175574002548,0.5581026820100229,0
IT,0.06830559378736903,0.12769448674376482,0.19030885020124952,0.20121164754516913,0.5927340255668507,0.4286961300858293,0
ITW,0.05780260118629124,0.09639054619133375,0.17953898351930672,0.27429086226871874,0.6162581885452503,0.5416683220056541,2
IVZ,0.02927726080346349,0.15713259010977626,0.25903250940656586,0.563680251592091,0.17810547963776135,0.5734978712138016,1
J,0.06910056786757365,0.14044205858071424,0.22379156894545035,0.2674480478631131,0.5977686967427926,0.4305203382969336,2
JBHT,0.037439195130809955,0.12233938207798845,0.24543830641432327,0.3000459399797487,0.4763982997505032,0.44311285133957273,2
JCI,0.013820085026299112,0.10409012874186635,0.20631021548610393,0.2780861524948361,0.38237669360236864,0.339518963685677,2
JKHY,0.08163320022721429,0.03789071889501558,0.15828574210539317,0.19440367836450606,0.7350208325597272,0.3523534785228664,0
JNJ,0.037360072624641916,0.04531344547477803,0.13349611574280731,0.11081223341345842,0.5630619619555415,0.24883068634912692,0
JNPR,0.011811249053121836,0.12808248137307354,0.20395200244869557,0.17942720051764632,0.31873743348107614,0.45072910125102794,2
JPM,0.0710811377025615,0.07162777005595805,0.16475498344754186,0.15160281700498673,0.6961112671448071,0.4472945710994411,0
K,0.008520505816284829,0.09557340988408963,0.18064779491923103,0.23650607718865346,0.3746733013397764,0.21956084595650766,2
KDP,0.1128200748770829,0.13052396874662686,0.1539698754599883,0.05633779534309585,0.736319561200071,0.3033687824166618,0
KEY,0.02536320752911564,0.14650561119705202,0.245346593570718,0.31860847476065945,0.4520369629641038,0.4859413132054528,2
KEYS,0.1657876457838052,0.19152521551097396,0.24127396436512802,0.1660932617522362,0.8060148384343018,0.708252741524702,0
KHC,0.01128614414667084,0.19351886886970943,0.20581336663375607,0.7295531373217796,0.0,0.2001865874316376,2
KIM,0.0033171701802242604,0.138716034877427,0.2532902603776819,0.424169511479493,0.3357371042733425,0.235720167793963,2
KLAC,0.12904939013191194,0.2264912864613441,0.2870849326667848,0.2727904322834821,0.718473016736912,0.6470938604091258,0
KMB,0.03629317748815572,0.07782885607372014,0.1704736923014718,0.18451106087760594,0.521245253479031,0.2151194857795609,2
KMI,0.010959846199015216,0.0808006100299829,0.19932068225301605,0.29093064999916524,0.41576386096998047,0.3421336051412899,2
KMX,0.0535218253337455,0.16354820625236094,0.2600810730959402,0.2437238660976601,0.5040383214906525,0.37485358361348076,2
KO,0.04585995039429805,0.0063733905537098345,0.10163692817501355,0.056600870776057494,0.66020396460529,0.2189731616932439,0
KR,0.004165197910405344,0.22859749672340707,0.27616062509290284,0.3885958181892773,0.3417839762085147,0.2643858909479384,2
L,0.021454672007012038,0.04002011170320846,0.12768042252269637,0.13105583741844495,0.4431728829703283,0.4026353235533031,2
LDOS,0.09799100762296381,0.10316961898626253,0.192350042720168,0.23663948132967666,0.7637948673250631,0.38789745865929065,0
LEN,0.06781060356111904,0.1679045541613176,0.281681535990006,0.44343378203065975,0.5046209434976305,0.25898439918136174,2
LH,0.04646720591141673,0.08317420204595694,0.18869765180742873,0.31958244512225764,0.5130139149993588,0.3464010464863313,2
LHX,0.1072181339239271,0.11665202400968017,0.19225825519210196,0.20438928976347503,0.7674274467044244,0.21635691438512503,0
LIN,0.08742337906642722,0.07975076274558296,0.15488153759424345,0.058284252041628404,0.7363784166937495,0.35013646686006605,0
LKQ,0.040290121846873056,0.1528646691996261,0.2271197199433784,0.4486494887420659,0.4306120562154377,0.4309137351574541,2
LLY,0.0848862298306601,0.07674092833455459,0.18210118311557882,0.10793917031282727,0.7502048753021633,0.2904645589660759,0
LMT,0.07260340609154134,0.05818962018163651,0.1582428752330649,0.2510378815530779,0.7295777207998686,0.29181995913743214,0
LNC,0.03180471685060238,0.1643265986101881,0.24287955804327385,0.39125099413692577,0.3327424990899017,0.6765957133842342,1
LNT,0.05755068193101476,0.01550510607170863,0.14331163213567955,0.09694850937930755,0.7075198315159513,0.11843384515210142,0
LOW,0.07564310701945307,0.1544579984185781,0.2076965066920393,0.20146914337520844,0.6387769785913762,0.44474629423370937,0
LRCX,0.1609377025929226,0.27643857157086615,0.31934237808954424,0.42237042830955585,0.747313739744301,0.673303623360745,1
LUV,0.034275511859948066,0.14624862920236953,0.24295361136844182,0.2739656469637584,0.422663318111905,0.41543661693064615,2
LVS,0.059400239038589125,0.17285083504890797,0.24226903731300584,0.343313364607758,0.5515651489493382,0.602184365527188,2
LW,0.13760654815575693,0.10179067118380147,0.21687563959101872,0.2338741501588706,0.8915821057989369,0.1337312103045888,0
LYB,0.045222656711529946,0.14862976655988802,0.23925121506593058,0.3577083533849972,0.45236488346208176,0.5512624397919459,2
LYV,0.143715425241518,0.17732149496725624,0.2513485742136061,0.18501197671426683,0.7906067271134688,0.4335833166384383,0
MA,0.16079897678009605,0.10792135791769086,0.18068423751925436,0.1524727015683796,0.9417907304194645,0.5140375826608063,0
MAA,0.0576467910295578,0.036362973728102266,0.16180984777715765,0.13922415688068832,0.6470369919949746,0.16370033822431196,0
MAR,0.08653823491251522,0.10956432903239605,0.1963686269280194,0.25808700793322537,0.7036793073830866,0.49267886855376625,0
MAS,0.054151789785329585,0.1334450386658642,0.21547299004557383,0.3653050338270478,0.5806539200399763,0.4652919788885628,2
MCD,0.08972369506004185,0.03830754987614307,0.12273179548939839,0.08824163515421571,0.7775771567532772,0.2086624266802108,0
MCHP,0.07364441751197051,0.21948857504434338,0.275071996184151,0.36837324553712564,0.5925362065267499,0.7176531404865909,1
MCK,0.021778487045172962,0.1658146106247111,0.27065746082687947,0.34156495400906334,0.3499832509469564,0.3637431606001597,2
MCO,0.13901514992663697,0.08911962758231601,0.17937969122957764,0.2525077355274119,0.9188964429091792,0.4870002872063192,0
MDLZ,0.033661415100538966,0.04444188581034281,0.15258267426926242,0.11632424917772621,0.5304011955016813,0.2663634232283739,0
MDT,0.06917335281672624,0.04821427336855352,0.15006766797622578,0.09188501330398141,0.7249878270963666,0.27086413537555365,0
MET,0.019253253226753753,0.10395862402254208,0.19482187791664754,0.227609290613487,0.4484169961687813,0.48372672101849,2
META,0.0808843050240853,0.1963708275348624,0.23428771258264744,0.39816087218938534,0.6150238847596075,0.5177956384760661,2
MGM,0.03152744071229999,0.2044575474856733,0.2848257283352099,0.38277552535331527,0.44452266498748,0.5483462952815962,1
MHK,0.04130376341941416,0.21710271905883405,0.23022090294178424,0.610780677442257,0.21134416618513172,0.43674663686236254,1
MKC,0.08700485074458195,0.075687946380387,0.16955248233407785,0.15306371706119043,0.7561741734040067,0.13695077535785238,0
MKTX,0.15536430486573258,0.16330894031220955,0.2815442749996665,0.17742061522104263,0.8019409455306559,0.25815670665110235,0
MLM,0.029258298697127316,0.1543370432007602,0.2766149112195586,0.3133626986907344,0.47851386006915975,0.23174172514476737,2
MMC,0.07161360016326587,0.029749798924875198,0.12582167923707704,0.0753969070313639,0.770061398998122,0.37530480887470424,0
MMM,0.04822603447189375,0.09847065571932834,0.15618305881681824,0.34836968295835075,0.40862876412529614,0.4843780738365254,2
MNST,0.05063999983237247,0.16089165593178462,0.2238017545659811,0.25209487371512135,0.5198890339889318,0.40026700434165924,2
MO,0.017716670278769275,0.10675379207834185,0.19691179368026715,0.3842063018259216,0.27644766233710993,0.28906694078662676,2
MOH,0.158464649952155,0.31836948147800936,0.3695338030379023,0.2564386535333206,0.6725964843268348,0.4525610513358011,0
MOS,0.02940640585942897,0.257618737029446,0.34841425461511333,0.504319860347781,0.2704793057558883,0.6142431564089301,1
MPC,0.06806056222911497,0.19430506113836704,0.2994514855102396,0.4450402701709104,0.45175336009365685,0.6026170130765645,1
MPWR,0.11156953257406108,0.21785776861898787,0.3117797858397051,0.2591616531598295,0.6813238930088911,0.6833943789927541,1
MRK,0.06456681954806315,0.05733988820210992,0.1556698461235122,0.1101798791825431,0.6889989196586548,0.29200000348126054,0
MRNA,0.05159030112284377,0.6134046145664936,0.8275392147539234,0.5585981866790822,0.440411589757596,0.5583212150075609,1
MRO,0.03840291584879685,0.32478827575247254,0.4033665143482248,0.5169627158058103,0.32564668878843844,0.6158260823752859,1
MS,0.040312785644047444,0.13281474303466828,0.22596501228819235,0.31784728687634034,0.4867321789371024,0.5525140028356653,2
MSCI,0.1979149227679415,0.13368776676895316,0.22933233828236074,0.1957454453852977,0.9806097644038819,0.5702480374748302,0
MSFT,0.14546326000601453,0.10340738872553973,0.17312371030542972,0.11017312148501379,0.9051729248139008,0.5234301754192905,0
MSI,0.11364482976520171,0.09748765132917481,0.1840884962828969,0.10977122221462482,0.7729858602837112,0.3465956903469912,0
MTB,0.029184450761480796,0.08934673989592917,0.1994537981591092,0.2460916415585287,0.4414481035193386,0.40902552122833546,2
MTCH,0.3088214181953469,0.40431980664554723,0.4772751951573766,0.3592244794148612,0.8348361934422245,0.3454571983713481,0
MTD,0.09752436207211632,0.11288894072479633,0.20717991821290851,0.2043706506744996,0.6969735473096332,0.5375844389090298,0
MU,0.15020486252058243,0.379053279139138,0.41861428345889296,0.5227045550915947,0.6443409744158752,0.833243673941776,1
NCLH,0.04243890200836947,0.1596214441456078,0.2608492129830995,0.3065063142256358,0.5055349861185479,0.4567396373997397,2
NDAQ,0.06904252957182833,0.049129521253522046,0.16123594570883523,0.12937908750285168,0.7271032286503845,0.34855056247764654,0
NDSN,0.051177920344582795,0.140058411990521,0.23654827363921246,0.2035657340223816,0.5608767230051234,0.5331344249292228,2
NEE,0.10887174149110404,0.010637734673245913,0.13467599951951184,0.0,1.0000000000000002,0.10049934758579498,0
NEM,0.03509001148357538,0.14903940465281296,0.25639763764246515,0.2366954115531137,0.4983615084003584,0.0,2
NFLX,0.18397893373286958,0.29917957083593893,0.36240312430538435,0.41232526569280303,0.6922118946001947,0.6038858201863561,1
NI,0.04890235262435427,0.0519299842365151,0.15991022540313926,0.1038826508764766,0.5578224070860356,0.1934509319707465,0
NKE,0.09517281750889611,0.13558598557472656,0.1843932461155259,0.14046422109352713,0.7160827749449813,0.4682616722787984,0
NOC,0.06693074430356444,0.10258714254227436,0.19186103250643324,0.3215811334661766,0.6458962177957928,0.2966196110392272,0
NOW,0.22681532779593125,0.25091258091109514,0.3351600981800148,0.21491854195322208,0.8676895204379098,0.6324433546372339,0
NRG,0.20125794253719845,0.22647673809335117,0.2926193027799058,0.16685714067854923,0.814269609808143,0.2984508469623114,0
NSC,0.09444634550463318,0.1283785486747741,0.21520713438879976,0.18636263610197296,0.702827330651905,0.46549896705942295,0
NTAP,0.1342313936957584,0.23966925396492061,0.27072887646947974,0.4554155669243959,0.6124623028419119,0.6439765827641526,1
NTRS,0.031387584872052315,0.10982708332808172,0.21011931841923,0.24709276609775577,0.4841496788179548,0.5225867340072531,2
NUE,0.021721990969303384,0.16095512277539853,0.26249892299649735,0.2571790098026803,0.36433197849291704,0.536690065731046,2
NVDA,0.1554149439348045,0.38172549755618035,0.3960586618889087,0.5504341736491355,0.6351854480440202,0.8822183777125783,1
NVR,0.12016950990635902,0.17622219666343913,0.30841739357030173,0.40101395656855965,0.7341938174149877,0.16553376193612745,0
NWL,0.024028051243910276,0.36756154059859203,0.3443382806681363,0.7540036433902194,0.18618197254305097,0.466172519900893,1
NWS,0.04749827515282645,0.12399450729637296,0.23347966309854037,0.3184393935706314,0.4929997590863871,0.4356625160911943,2
NWSA,0.04910116848309698,0.13008958322150377,0.2338525326353356,0.31693071976773746,0.492764931721574,0.4387559209721684,2
NXPI,0.03515628807622481,0.21661606470668482,0.20756373816493753,0.43149867308270207,0.4874675112456055,0.6807336417267278,1
O,0.059267289291241976,0.05182914996191812,0.16395170343162283,0.14813298537915615,0.6114246164095769,0.14306218558745554,0
ODFL,0.11414717492384122,0.15195498505885485,0.2785782898500486,0.2605848446778631,0.741591300716744,0.48445660295414616,0
OKE,0.051263442578267565,0.10583575833213343,0.21494099368492423,0.2127306986777447,0.5909404408504797,0.38289144948975684,0
OMC,0.008610918147265584,0.0870609764843206,0.18218127830322914,0.17104469691972057,0.3782579517700141,0.33571043173310505,2
ON,0.10118004648168458,0.3036910154667498,0.37285418249063607,0.4271173572325825,0.6025857890418834,0.8536390358585028,1
ORCL,0.06003800658266534,0.09797080278158171,0.16012819078364757,0.11714913453283934,0.5733002419472617,0.4525068481328926,0
ORLY,0.05861710424383937,0.17671725415438755,0.25435457800484584,0.35065734366624746,0.567028227081189,0.27590429485903256,2
OXY,0.028473452871193766,0.14376224255870068,0.2310194139096223,0.5164713936239513,0.1986919031411397,0.40339321825938995,2
PARA,0.009049176867597236,0.1517288146384484,0.2666030470414562,0.44544402234037894,0.17821776421718452,0.47963562461587306,2
PAYC,0.33008550172160656,0.289388409751224,0.3631663607870417,0.26709387627235315,0.9720327359662922,0.5936028422916021,0
PAYX,0.05466101361732689,0.04470053852566258,0.1584290302814492,0.10018808456737033,0.6499521108754889,0.3950693869313744,0
PCAR,0.04081591979285823,0.11574747431976062,0.21732578238498398,0.24219626624624185,0.5306948543493877,0.4920633448083991,2
PCG,0.02128691199069785,1.0,0.5701631090517594,1.0,0.2659756044274909,0.3236968157710638,1
PEAK,0.047038571704978716,0.0828431964130405,0.20246813814226985,0.27485053316016794,0.5361587109459147,0.10859846103843623,2
PEG,0.05890291003622036,0.01796636738132515,0.14484949958542334,0.02860744246872718,0.6737300760165774,0.1663971379866967,0
PEP,0.0453853119763836,0.01146204378450194,0.119278224088683,0.13594486828982313,0.6370092315766426,0.24784899446228273,0
PFE,0.050173202106819276,0.044597171474844766,0.15264731873265888,0.17646102156136928,0.5462579158744313,0.3190332014449022,0
PFG,0.03248683333054378,0.12231707773367279,0.2135430418493621,0.40004827054714687,0.3863705188425993,0.561666383343561,2
PG,0.06229584273284264,0.030508098489051727,0.114674853828382,0.16580139045388625,0.70262699816046,0.24593322390469938,0
PGR,0.13583442884120864,0.08931904494163101,0.16924688269968569,0.15772070498482033,0.8366063001248696,0.37804571044263013,0
PH,0.054124799605254625,0.13328131013902317,0.21565341439736466,0.27007271150523815,0.5774109258157101,0.6247939518036632,2
PHM,0.11552755568939574,0.148598093007192,0.2738771078072987,0.36416341486266574,0.7403335206959822,0.24413028813015164,0
PKG,0.05493463214475128,0.12678627229668293,0.22211847778210733,0.34244848684605755,0.5337519115882521,0.4346158402477286,2
PKI,0.0861860696746897,0.11790398307034555,0.19399808614083716,0.20131559566331125,0.6867220287757276,0.5440673953753065,0
PLD,0.08374457577013508,0.06608488230538564,0.17656267943770987,0.10642672141259218,0.7474274925716373,0.28428255259621943,0
PM,0.03639645937784264,0.11785927514262634,0.18868686143308525,0.38381149654305546,0.40515300685143496,0.28978051774623603,2
PNC,0.047132954897716045,0.08405052978506339,0.19236691865351355,0.26053566165616443,0.5807975338024629,0.4244843276586016,2
PNR,0.03178077337752139,0.10921992364262867,0.19313355067513807,0.22819207208131864,0.4841649380300752,0.557124270814374,2
PNW,0.03904840044134733,0.02092318505553506,0.14340792809957836,0.11305634227700234,0.538479379932674,0.1355214046126364,0
PODD,0.27999306899336673,0.31388653128004124,0.40256546027677054,0.28225341511465835,0.8674035844706565,0.40869700911805834,0
POOL,0.10387639849765948,0.10529643441478426,0.2400288799748396,0.14375850586124994,0.7760676405120752,0.32585214088618025,0
PPG,0.047216293425045436,0.08599692797285219,0.1686293045962459,0.139331016493865,0.5701677344924994,0.41385603547973476,0
PPL,0.024897342791031007,0.04666814041789788,0.1557995772182494,0.2919808109215535,0.48600215382114986,0.21794372823576064,2
PRU,0.02450054464166257,0.11873565972968642,0.19500030389232584,0.3262836511806924,0.35889918061034976,0.5745412573509346,2
PSA,0.030742620756777667,0.04934508972775892,0.17104408279792815,0.14802245607821063,0.3989403527263281,0.07247318539955494,2
PSX,0.05025643357660539,0.0992715204980773,0.20196061810042662,0.3098123455302259,0.5404764908659692,0.45053278796524016,2
PTC,0.1139419978433859,0.2239516540327796,0.27932923112542696,0.3746932710552648,0.5646012491276995,0.6101173870509393,1
PWR,0.02672166997082162,0.1339913359664361,0.23687456071481103,0.24642758675034304,0.4463749823883768,0.4937305711675868,2
PXD,0.014864115544990758,0.24164127026577437,0.3213514562386246,0.4130432391594987,0.3121589726065502,0.5846529325862301,1
PYPL,0.16625638651686778,0.17895546957374164,0.2506965504390035,0.1346461617161642,0.8033986899061555,0.5283613228536654,0
QCOM,0.05828962559368292,0.2444502038495801,0.2511502192440571,0.2879763762167413,0.5258661960814677,0.5048613248226506,2
QRVO,0.1103542039315471,0.27871798206420745,0.32524959562467537,0.3123858880671612,0.6394453610866653,0.6333166525050344,1
RCL,0.06859368911449315,0.1600951995365832,0.24690031523528713,0.2727109845460678,0.6127172531864515,0.4886478078794911,2
RE,0.036973536069540486,0.08673672800514437,0.18502989330578926,0.15720722002565107,0.5381853903248013,0.22071493955621366,0
REG,0.012307805703455882,0.06381018968765509,0.19539539669729297,0.14265383925183758,0.3593298118738505,0.2087570936218045,2
REGN,0.0389580586004481,0.21006070218510653,0.33868115342344907,0.45757757033088076,0.364737536362817,0.4657122300738494,1
RF,0.043036288435581965,0.14616200046398203,0.2615894406996786,0.3192374639870145,0.48022116086169275,0.5210996624397256,2
RHI,0.06266323197342663,0.16268250960197705,0.22163798963053835,0.2829613301454393,0.5061405724912229,0.5390074987876692,2
RJF,0.047654686877799335,0.1275766444232896,0.2195129224235469,0.25917479567513385,0.5114904835560751,0.5389294531069506,2
RL,0.06034920972263985,0.2394980552640555,0.306386010736877,0.3624856066245953,0.5031479722155358,0.5309500154265786,1
RMD,0.14115557235382034,0.1638060592852204,0.1819989099015588,0.1576039664980009,0.8078592635453907,0.3529048896177329,0
ROK,0.05664584872200076,0.14468304653023295,0.21390306080324076,0.2520818251424234,0.5794546011166404,0.5525546969162861,2
ROL,0.09340926234530758,0.0954658625995462,0.1784795334068797,0.2180442245540507,0.6081623000659533,0.34070809608470715,0
ROP,0.10134059443151128,0.07224038650447481,0.16902286386179058,0.13774168291871416,0.7882642218635387,0.4249184344007974,0
ROST,0.07878406237239641,0.13083274200408834,0.22022902721995666,0.20014746466375993,0.6704290776160906,0.43580542644412823,0
RSG,0.06575151136932753,0.0015101556659624094,0.10339296962177327,0.021256594238445295,0.8027344140676986,0.21924710167248068,0
RTX,0.04769999096543162,0.07201290723966985,0.15897641212032304,0.2211077745253306,0.6016822522029566,0.49248607721157683,0
SBAC,0.13455325874450833,0.08450226996954979,0.21642104128567954,0.08505187800554012,0.8504231744682957,0.17482098769188856,0
SBUX,0.08282505080358984,0.0832700325074438,0.16180685299754097,0.16894590748274346,0.6760771501415797,0.33629808174645837,0
SCHW,0.049368054542887646,0.1678929498415352,0.24560187003279946,0.36443115561354966,0.4550600754036195,0.5460393035337658,2
SEDG,0.4038718215925362,0.499782047003553,0.5334204240665508,0.4948160410144212,0.878741710234454,0.2769559099610325,1
SEE,0.009121284766378496,0.12353762218930109,0.20344348897333683,0.33334194144073637,0.2870709679913781,0.2914537416036579,2
SHW,0.10978864502612956,0.09021962561193791,0.1863636451309518,0.17072231660304493,0.7936490280885405,0.3638401976865805,0
SJM,0.011506803386745562,0.11188783323966789,0.20347299086079015,0.26002383919468147,0.2837744120311448,0.16016130454406163,2
SLB,0.003779654673799565,0.1665438355242128,0.2605543814130812,0.6090839447511552,0.09081143068142639,0.6014705525216864,1
SNA,0.014799544969060469,0.12288412827237866,0.2023331350706907,0.21638031418913956,0.38480620700233203,0.48129669649138757,2
SNPS,0.1275036045758061,0.10847035878848699,0.19276543060471343,0.1648739597715832,0.834432680633559,0.5752065043227543,0
SO,0.04973582940437565,0.020458346729793075,0.13436594040250494,0.10392285496351833,0.6551081009805111,0.11863107695434277,0
SPG,0.015236423447598235,0.07598343334508159,0.20253808731449344,0.14034543807508518,0.3039047942536399,0.2464278660670314,2
SPGI,0.14101958058896338,0.07606745265791778,0.17108385013526597,0.19575722154560504,0.9522800624012383,0.42370285590854345,0
SRE,0.061848446092411,0.054198101435006835,0.1542075651155983,0.08765318648331907,0.6688549368845661,0.18080116257690898,0
STE,0.11965081713882683,0.06304290212892041,0.17411028795292954,0.09879982571692386,0.8923062602241018,0.3443162147991946,0
STLD,0.044860263734233574,0.2398220855108989,0.3563270408217646,0.4799746369025254,0.37277490440367833,0.5990482213467847,1
STT,0.04463763090427883,0.14703521915632561,0.22355066770009976,0.5389168292262968,0.4027846842284425,0.4851915247197032,1
STX,0.07569523054963373,0.28288098130636175,0.33562650982833153,0.35667374058047907,0.5752476530859336,0.5956923073516566,1
STZ,0.05248299044959706,0.12120119389693046,0.1877912331604039,0.30403188813798326,0.4895699239657241,0.3099272791119417,2
SWK,0.05359368039324511,0.15834949490194938,0.21210974535734387,0.3349805981038033,0.5642325206918931,0.7101863681871282,1
SWKS,0.06782647097078351,0.23662296910877129,0.2873257328370856,0.4431644525943287,0.5678137109808842,0.6600297939473136,1
SYF,0.011301677232774449,0.1688509741003133,0.24239552354450897,0.4055688777816444,0.38381167879654554,0.4863934106148937,2
SYK,0.08513896431258583,0.0810441444629828,0.1617793366086378,0.11804862779780692,0.7167693961401849,0.4084350357339548,0
SYY,0.06483738290733809,0.055548794786523886,0.13773329262376072,0.1365728274976955,0.6908142741286296,0.23015117163155457,0
T,0.01596031698552125,0.07749791895911579,0.15454702762611006,0.2144739627111822,0.43420962729665624,0.2707629801534571,2
TAP,0.004438155509350561,0.14341674654733078,0.20968437984413899,0.4548808988085893,0.11311963620730878,0.32061979486178516,2
TDG,0.1522086823783055,0.14960158275636243,0.23269202433112032,0.10738323866539051,0.8562724418357138,0.47219160369076535,0
TDY,0.15887602807401094,0.10411038748988372,0.2134348885694448,0.16368397225864134,0.9491459788230825,0.394766638040415,0
TECH,0.10965416417675389,0.1223841618564015,0.25190737976953004,0.3036581621516846,0.7638046594818073,0.507787728770492,0
TEL,0.05573943669773504,0.09037678458758663,0.17460593119847748,0.27158240311462767,0.5817934264986255,0.5035713289316891,2
TER,0.15271861000968787,0.26838503650157186,0.295412808995152,0.3825573915610726,0.7346630286303628,0.6303515071188266,1
TFC,0.03289403928880966,0.08102049354469992,0.18755521612072254,0.18490440676169084,0.5206945832843255,0.42730299493284835,2
TFX,0.12478947852525266,0.13610591599661181,0.23836509819652577,0.13641839400991188,0.7978361600947723,0.37987487072308135,0
TGT,0.09016756226653552,0.21698926228092114,0.23665020804632728,0.2582669020398509,0.6289577593318011,0.33180549087266586,0
TJX,0.06876433620670414,0.07928092787010499,0.1864162177063239,0.19550236091965334,0.6808969881089117,0.4121013758017118,0
TMO,0.11599756603427422,0.09357131774720379,0.1772752876988956,0.09830814391724463,0.8290053443246491,0.49282929785588075,0
TMUS,0.04435744949799772,0.11843291643850884,0.21747918957457432,0.11880802985563185,0.5165920370419194,0.3325936100028377,2
TPR,0.05846594096458696,0.2712944419015243,0.2835210625546457,0.6291332410503397,0.33033318076731194,0.6657211772503118,1
TRGP,0.015783619245621605,0.2303359803256415,0.3246559603760002,0.3711778999185978,0.3399899956063765,0.5759066502109927,1
TRMB,0.05104825002406321,0.16381175761464406,0.24565357476554742,0.283303202556692,0.5124703757392114,0.5723592105169328,2
TROW,0.07481034225970559,0.11172011614622435,0.2082650603698946,0.2633817345661412,0.6727274719032248,0.5484987288592842,0
TRV,0.036090323221518394,0.04186516484448982,0.13823630953739674,0.16751433202695298,0.49052671226498623,0.297376351884394,2
TSCO,0.05378563217139962,0.15932854190380724,0.27431456723163705,0.3038363803994163,0.47850807484923413,0.38771298649846886,2
TSLA,0.09560349610496519,0.4469684194780832,0.4421754583400652,0.5210431569741845,0.5847734503562765,0.5292800726504819,1
TSN,0.055450183016569815,0.11515063390327951,0.21517657420665706,0.34160136118300516,0.5877085973904547,0.2253330653319509,2
TT,0.0828779523697101,0.08380412636117873,0.17932771013331147,0.10595019286127663,0.7272856021891505,0.42585261998703133,0
TTWO,0.152041055909271,0.27484501998417854,0.3495800634039894,0.34819172942256676,0.6956788695733263,0.4348144856344488,0
TXN,0.08582406471318546,0.14914407043886746,0.20909970951377746,0.18746392123580857,0.6669141304466071,0.5668624098172855,0
TXT,0.0468545130241213,0.13669925959216517,0.21227881349173952,0.3726920513588972,0.32100857860897886,0.6076059817105202,2
TYL,0.10168573753519652,0.10238869040681237,0.21933142492539418,0.2551843323240346,0.7774758343569235,0.3833490467685869,0
UAL,0.033581073004480294,0.1892618990630145,0.2694873992599176,0.2503823345878531,0.4534822477482345,0.4406141095582127,2
UDR,0.05336926847694651,0.029041090294700533,0.1514900543840266,0.09726751898885261,0.6183667057505315,0.16903469562828163,0
UHS,0.04671485231863831,0.1181804099251409,0.224322175399061,0.1802476909163812,0.5187572603448385,0.30956232949232126,2
ULTA,0.04276323799554821,0.27652386625854697,0.303021082886459,0.356550866895361,0.38049021745122774,0.42687236560855474,2
UNH,0.08557478867874563,0.09965049325065622,0.19469344332840074,0.17715099141443802,0.7131536000639942,0.310398294160938,0
UNP,0.08397093596549401,0.11819536572126604,0.1986592753182754,0.15270905708242444,0.6956805107388628,0.49417447785277574,0
UPS,0.021046530967918003,0.1087903296735615,0.1696349967081714,0.2562919867789728,0.4220967373045842,0.44076646018260657,2
URI,0.07001758668678792,0.29134557408240536,0.3635795611012157,0.47274578831941616,0.524863952645715,0.8428873260466054,1
USB,0.027472047259575166,0.03782846008335797,0.15044884375777506,0.16865050642197899,0.5018496192754686,0.3864427975838843,2
V,0.12709973965785434,0.07445522713632424,0.15066048901062598,0.12063982629645251,0.9062804295352801,0.43409314934263016,0
VFC,0.1039657171896641,0.13477274836668657,0.1989594381398432,0.23887331439815623,0.7421920216479732,0.4835403629854198,0
VICI,0.04096550123393369,0.08522884572927625,0.1896351257410047,0.15036193426893657,0.6529432716013488,0.21904242122495513,0
VLO,0.0814946152570715,0.1554640007578994,0.2607934145051518,0.40649030916028983,0.5436737423054615,0.5685383977222451,1
VMC,0.02562857063841939,0.16911247117558764,0.2713915864668063,0.3626272513500501,0.4403656914271922,0.26579714878201577,2
VRSK,0.09477571569737622,0.04522774185205777,0.14883120042710396,0.10010207608728774,0.7986558098658536,0.3242952374562069,0
VRSN,0.15585257060253924,0.11655721140065672,0.2008261870103398,0.12491704749513552,0.8663147281951624,0.47870661725973573,0
VRTX,0.164670750268075,0.2537732492210798,0.31227835453554187,0.14459255126902798,0.762693097001397,0.44513421172357703,0
VTR,0.038419965195628875,0.08435718032984718,0.1946762874339685,0.270989936361806,0.39954786057037356,0.10999273261940384,2
VTRS,0.022725156970815175,0.3195219512565719,0.36561525332747824,0.6517018973764434,0.18798581775085302,0.7568870508097315,1
VZ,0.030899056436457212,0.05380940194959935,0.15153316179045395,0.11526955497235239,0.5134176875032321,0.19315123107788318,0
WAB,0.03795731724931811,0.20900777907677875,0.2843200841216704,0.4249810582478185,0.3654098271339515,0.507665828586723,1
WAT,0.08041172128519522,0.12137880931038803,0.19128684493729672,0.1443292292522631,0.637176128642692,0.4258683917542018,0
WBA,0.008666672875859677,0.14202052575060764,0.2245363989397058,0.38275708700820843,0.23860567929705434,0.4262653187848569,2
WBD,0.021812729099736305,0.23945033207231897,0.35097354622508015,0.42233609925416227,0.4305000982724268,0.3931058526841891,2
WDC,0.05573473592778197,0.34008433811928174,0.3855624168919749,0.6708961975609644,0.4030727265986639,0.8463381715779432,1
WEC,0.07803922312309194,0.013136901791639233,0.1390562039942253,0.0658969161142764,0.7924591251939208,0.0881809282806944,0
WELL,0.059230633936293964,0.07158735762506133,0.19112522769568716,0.28140184985911953,0.5818721547921726,0.10748843487152226,0
WFC,0.021994250300767293,0.08764332857386165,0.18364324439436155,0.2698024870834859,0.3876809259336513,0.4074788044913452,2
WHR,0.010529518794740872,0.19358724330603427,0.26215970466367455,0.43677995738039044,0.31860825208583454,0.508640860009006,2
WM,0.07612653150962537,0.015052998767648429,0.11119394322423232,0.03538125090550823,0.798749284221187,0.22888109480699176,0
WMB,0.010846907989978283,0.11171177265838772,0.22672085556343216,0.30278302068668217,0.28955632838222367,0.3835626256229772,2
WMT,0.08349180985677385,0.07240375476707483,0.14416401738686183,0.17572964244025474,0.7361386251171789,0.23905442212863276,0
WRB,0.07109908311077429,0.024872656964017553,0.1430113886492505,0.05518744281574378,0.7476864011579142,0.26820491078989667,0
WRK,0.04138472580766825,0.17447400089849302,0.2611533582511689,0.4914518127750309,0.33914577658352074,0.6105130916066761,1
WST,0.07914796943462798,0.12950614242265268,0.21265990690811917,0.18773406252658575,0.6724095337889379,0.3887076348986064,0
WTW,0.07055305827327954,0.05583308147677152,0.17466464099972479,0.0952091450678435,0.7218386544979742,0.39510781402169143,0
WY,0.034004426031795904,0.09555761291765802,0.19907341362789802,0.4072014816171263,0.4162497851143635,0.42068839786618667,2
WYNN,0.11940440760805207,0.31755463570672243,0.3436312052906515,0.5218713769909289,0.5621687881343093,0.7695645637874033,1
XEL,0.07207709143366217,0.013259851674014583,0.13980643554802147,0.10109310653348563,0.7789897515322584,0.12153162912442611,0
XOM,0.00253404917621311,0.0526465691442618,0.13367040147071718,0.17256731048805002,0.26479711497346636,0.4037719763166392,2
XRAY,0.018431623369676825,0.16071946527897835,0.23040367766394068,0.47527734575816427,0.3607649698403881,0.3545317170616844,2
XYL,0.07296098021296527,0.10854840847917169,0.19671704214284066,0.18652214016281887,0.6431577478143604,0.4797811568547319,0
YUM,0.09034133322877924,0.0361162685218451,0.13504561003295892,0.10578193121204152,0.7375829945718227,0.2199530310338783,0
ZBH,0.04913545823146692,0.10319869556594702,0.1990185109409016,0.20118176553975564,0.5758270109612547,0.37727308469608,0
ZBRA,0.16564833628523631,0.2725230157712611,0.3162002978684779,0.23299214933320755,0.7571146200538696,0.6211779023924542,0
ZION,0.0383610315718283,0.13638005087545035,0.25017743407824056,0.2873185315266845,0.48298126131358066,0.4719168846230832,2
ZTS,0.1343689073841113,0.08180729220352606,0.17516013269812103,0.09203325245103605,0.9200375221137717,0.38704572546791216,0
